city;country;keyword;Niche
Joliet;USA;Mold Remediation;Mold Remediation
Kent;USA;Mold Remediation;Mold Remediation
Vallejo;USA;Mold Remediation;Mold Remediation
Menifee;USA;Mold Remediation;Mold Remediation
Buckeye;USA;Mold Remediation;Mold Remediation
Ventura;USA;Mold Remediation;Mold Remediation
Vacaville;USA;Mold Remediation;Mold Remediation
Burbank;USA;Mold Remediation;Mold Remediation
Lynn;USA;Mold Remediation;Mold Remediation
El Cajon;USA;Mold Remediation;Mold Remediation
Fayetteville;USA;Mold Remediation;Mold Remediation
Suffolk;USA;Mold Remediation;Mold Remediation
San Mateo;USA;Mold Remediation;Mold Remediation
Chico;USA;Mold Remediation;Mold Remediation
Inglewood;USA;Mold Remediation;Mold Remediation
Wichita Falls;USA;Mold Remediation;Mold Remediation
Boca Raton;USA;Mold Remediation;Mold Remediation
Hesperia;USA;Mold Remediation;Mold Remediation
Daly City;USA;Mold Remediation;Mold Remediation
Clinton;USA;Mold Remediation;Mold Remediation
Georgetown;USA;Mold Remediation;Mold Remediation
New Bedford;USA;Mold Remediation;Mold Remediation
Albany;USA;Mold Remediation;Mold Remediation
Davenport;USA;Mold Remediation;Mold Remediation
Plantation;USA;Mold Remediation;Mold Remediation
Deltona;USA;Mold Remediation;Mold Remediation
Federal Way;USA;Mold Remediation;Mold Remediation
San Angelo;USA;Mold Remediation;Mold Remediation
Tracy;USA;Mold Remediation;Mold Remediation
Sunrise;USA;Mold Remediation;Mold Remediation
San Bernardino;USA;Mold Remediation;Mold Remediation
